<?xml version="1.0" ?><Shipment><TransactionId>000221020000991</TransactionId><TransactionDateTime>2017-02-28T11:35:26.32-05:00</TransactionDateTime><TransactionSetPurpose>Replace</TransactionSetPurpose><ShipmentType>House</ShipmentType><FileNumber>103000668-01</FileNumber><HouseBillNumber>001620</HouseBillNumber><BookingNumber>2584725560</BookingNumber><CustomerReference>ref# 103000552</CustomerReference><PaymentMethod>Prepaid</PaymentMethod><TransportationMethod>Ocean Export</TransportationMethod><TypeOfMove>CY/CY</TypeOfMove><TypeOfService>PP</TypeOfService><VesselName>PERFORMANCE</VesselName><VoyageFlightNumber>004W</VoyageFlightNumber><DepartureDateTime>2017-03-04T00:00:00</DepartureDateTime><ArrivalDateTime>2017-04-24T00:00:00</ArrivalDateTime><Parties><Party><PartyType>Account</PartyType><PartyCode>GLOCOP01</PartyCode><Name>GLOBAL COPIERS</Name><Address1>210-220 RUTHERFORD RD S</Address1><CityName>BRAMPTON</CityName><StateOrProvinceCode>ON</StateOrProvinceCode><PostalCode>L6W 3J6</PostalCode><CountryCode>CA</CountryCode></Party><Party><PartyType>Shipper</PartyType><PartyCode>MGMCOP02</PartyCode><Name>MGM COPIERS</Name><Address1>PO BOX 360794</Address1><CityName>MILPITAS</CityName><StateOrProvinceCode>CA</StateOrProvinceCode><PostalCode>950360000</PostalCode><CountryCode>US</CountryCode></Party><Party><PartyType>Consignee</PartyType><PartyCode>SPAS01</PartyCode><Name>S P ASSOCIATE</Name><Address1>1/11959 ULDHANPUR</Address1><Address2>NAVEEN SHAHDARA</Address2><CityName>DELHI</CityName><PostalCode>110032</PostalCode><CountryCode>IN</CountryCode></Party><Party><PartyType>Notify</PartyType><PartyCode>SAMAS01</PartyCode><Name>SAME AS CONSIGNEE</Name><CountryCode>US</CountryCode></Party><Party><PartyType>Carrier</PartyType><PartyCode>OOCUS01</PartyCode><Name>OOCL (USA) INC.</Name><Address1>10913 S.RIVER FRONT PARKWAY, S</Address1><CityName>SOUTH JORDAN</CityName><StateOrProvinceCode>UT</StateOrProvinceCode><PostalCode>840950000</PostalCode><CountryCode>US</CountryCode><IdCode>OOLU</IdCode><IdCodeQualifier>SCAC</IdCodeQualifier></Party><Party><PartyType>Forwarder</PartyType><PartyCode>10</PartyCode><Name>SKY 2 C FREIGHT SYSTEMS, INC.</Name><Address1>4221 BUSINESS CENTER DRIVE</Address1><Address2>SUITES 5   6</Address2><CityName>FREMONT</CityName><StateOrProvinceCode>CA</StateOrProvinceCode><PostalCode>945380000</PostalCode><CountryCode>US</CountryCode></Party></Parties><Locations><Location><LocationType>PortOfLoad</LocationType><LocationIdQualifier>UN</LocationIdQualifier><LocationId>USNYC</LocationId><LocationName>NEW YORK</LocationName><StateOrProvinceCode>NY</StateOrProvinceCode><CountryCode>US</CountryCode></Location><Location><LocationType>PortOfDischarge</LocationType><LocationIdQualifier>UN</LocationIdQualifier><LocationId>INCCU</LocationId><LocationName>CALCUTTA</LocationName><CountryCode>IN</CountryCode></Location></Locations><Containers><Container><EquipmentInitial>TBA:</EquipmentInitial><EquipmentNumber>1</EquipmentNumber><SealNumber1>TBA:</SealNumber1><EquipmentTypeCode>45G0</EquipmentTypeCode><Contents><Content><QuantityShipped>120</QuantityShipped><UnitOfMeasure>PKG</UnitOfMeasure><Description>UNITS OF OLD AND USED DIGITAL MULTIFUNCTION DEVICE WITH ACCESSORIES</Description><GrossWeight>38000.00</GrossWeight><WeightUnit>LB</WeightUnit><QuantityPackagingUnits>0</QuantityPackagingUnits></Content></Contents></Container></Containers><MarksNumbers>TBA:1
TBA:</MarksNumbers><Clause>
FREIGHT PREPAID,DDC COLLECT

</Clause></Shipment>